{"indexes":[],"parameters":{"allowUserKeys":true,"cid":"51120330","count":0,"deleted":false,"doCompact":true,"id":"51120330","indexBuckets":8,"indexes":[{"fields":["_key"],"id":"0","selectivityEstimate":1,"sparse":false,"type":"primary","unique":true},{"fields":["_from","_to"],"id":"1","selectivityEstimate":1,"sparse":false,"type":"edge","unique":false}],"isSystem":false,"isVolatile":false,"journalSize":33554432,"keyOptions":{"allowUserKeys":true,"type":"traditional"},"name":"otl_parasites_edges","numberOfShards":1,"planId":"51120330","replicationFactor":1,"shardKeys":["_key"],"shards":{},"status":0,"type":3,"version":6,"waitForSync":false}}