{"indexes":[],"parameters":{"allowUserKeys":true,"cid":"51120332","count":0,"deleted":false,"doCompact":true,"id":"51120332","indexBuckets":8,"indexes":[{"fields":["_key"],"id":"0","selectivityEstimate":1,"sparse":false,"type":"primary","unique":true}],"isSystem":false,"isVolatile":false,"journalSize":33554432,"keyOptions":{"allowUserKeys":true,"type":"traditional"},"name":"otl_parasites_nodes","numberOfShards":1,"planId":"51120332","replicationFactor":1,"shardKeys":["_key"],"shards":{},"status":0,"type":2,"version":6,"waitForSync":false}}